{
  "Abu Dhabi, Abu Dhabi, United Arab Emirates": {
    "lat": 24.4538352,
    "lon": 54.3774014
  },
  "Al Ain, Abu Dhabi, United Arab Emirates": {
    "lat": 24.2248697,
    "lon": 55.7452211
  },
  "Athens, Attica, Greece": {
    "lat": 37.9755648,
    "lon": 23.7348324
  },
  "Bangkok, Thailand": {
    "lat": 13.7524938,
    "lon": 100.4935089
  },
  "Batam, Indonesia": {
    "lat": 1.1030815,
    "lon": 104.0383696
  },
  "Bergen, Vestland, Norway": {
    "lat": 60.3943055,
    "lon": 5.3259192
  },
  "Bintan, Indonesia": {
    "lat": 1.0196577,
    "lon": 104.5698189
  },
  "Böblingen, Baden-Württemberg, Germany": {
    "lat": 48.684969,
    "lon": 9.0113444
  },
  "Copenhagen, Capital Region of Denmark, Denmark": {
    "lat": 55.6867243,
    "lon": 12.5700724
  },
  "Da Nang, Vietnam": {
    "lat": 16.068,
    "lon": 108.212
  },
  "Dubai, Dubai, United Arab Emirates": {
    "lat": 25.0742823,
    "lon": 55.1885387
  },
  "Florence, Tuscany, Italy": {
    "lat": 43.7697955,
    "lon": 11.2556404
  },
  "Frankfurt, Hesse, Germany": {
    "lat": 50.1106444,
    "lon": 8.6820917
  },
  "Hechingen, Baden-Württemberg, Germany": {
    "lat": 48.3525529,
    "lon": 8.9642047
  },
  "Heidelberg, Baden-Württemberg, Germany": {
    "lat": 49.4093582,
    "lon": 8.694724
  },
  "Ho Chi Minh City, Vietnam": {
    "lat": 10.7755254,
    "lon": 106.7021047
  },
  "Kuala Lumpur, Malaysia": {
    "lat": 3.1516964,
    "lon": 101.6942371
  },
  "Lillehammer, Innlandet, Norway": {
    "lat": 61.1333408,
    "lon": 10.4265855
  },
  "London, England, United Kingdom": {
    "lat": 51.5074456,
    "lon": -0.1277653
  },
  "Lucerne, Lucerne, Switzerland": {
    "lat": 47.0505452,
    "lon": 8.3054682
  },
  "Malmö, Skåne, Sweden": {
    "lat": 55.6052931,
    "lon": 13.0001566
  },
  "Milan, Lombardy, Italy": {
    "lat": 45.4641943,
    "lon": 9.1896346
  },
  "Munich, Bavaria, Germany": {
    "lat": 48.1371079,
    "lon": 11.5753822
  },
  "Oslo, Oslo, Norway": {
    "lat": 59.9723975,
    "lon": 10.7757292
  },
  "Phnom Penh, Cambodia": {
    "lat": 11.5730391,
    "lon": 104.857807
  },
  "Portland, Oregon, United States": {
    "lat": 45.5202471,
    "lon": -122.674194
  },
  "Rayong, Thailand": {
    "lat": 12.7943716,
    "lon": 101.3705344
  },
  "Roma, Italy": {
    "lat": 41.8933203,
    "lon": 12.4829321
  },
  "Schaffhausen, Schaffhausen, Switzerland": {
    "lat": 47.6960491,
    "lon": 8.634513
  },
  "Seattle, Washington, United States": {
    "lat": 47.6038321,
    "lon": -122.330062
  },
  "Siem Reap, Cambodia": {
    "lat": 13.3617562,
    "lon": 103.8590321
  },
  "Singapore, Singapore": {
    "lat": 1.357107,
    "lon": 103.8194992
  },
  "Strasbourg, Grand Est, France": {
    "lat": 48.584614,
    "lon": 7.7507127
  },
  "Stuttgart, Baden-Württemberg, Germany": {
    "lat": 48.7784485,
    "lon": 9.1800132
  },
  "Trondheim, Trøndelag, Norway": {
    "lat": 63.4304475,
    "lon": 10.3952118
  },
  "Täsch, Valais, Switzerland": {
    "lat": 46.0676751,
    "lon": 7.7770173
  },
  "Vatican City, Vatican City": {
    "lat": 41.9034912,
    "lon": 12.4528349
  },
  "Zermatt, Valais, Switzerland": {
    "lat": 46.0212076,
    "lon": 7.749254
  },
  "Zurich, Zurich, Switzerland": {
    "lat": 47.3744489,
    "lon": 8.5410422
  },
  "Ålesund, Møre og Romsdal, Norway": {
    "lat": 62.4802363,
    "lon": 6.5550739
  },
  "三亚市, 海南省, 中国": {
    "lat": 18.2534658,
    "lon": 109.5034392
  },
  "三浦市, 神奈川県, 日本": {
    "lat": 35.1441984,
    "lon": 139.6207589
  },
  "上海市, 上海市, 中国": {
    "lat": 31.2312707,
    "lon": 121.4700152
  },
  "上饶市, 江西省, 中国": {
    "lat": 28.7435852,
    "lon": 117.40539
  },
  "下関市, 山口县, 日本": {
    "lat": 33.9577116,
    "lon": 130.9415455
  },
  "中央区, 東京都, 日本": {
    "lat": 35.6706436,
    "lon": 139.7719923
  },
  "中野区, 東京都, 日本": {
    "lat": 35.7086179,
    "lon": 139.6629399
  },
  "久留米市, 福岡県, 日本": {
    "lat": 33.3196545,
    "lon": 130.5080625
  },
  "乌兰察布市, 内蒙古自治区, 中国": {
    "lat": 40.9902685,
    "lon": 113.1315646
  },
  "京都市, 京都府, 日本": {
    "lat": 35.0115754,
    "lon": 135.7681441
  },
  "伊予市, 愛媛県, 日本": {
    "lat": 33.7578962,
    "lon": 132.7039458
  },
  "伊東市, 静冈县, 日本": {
    "lat": 34.9656621,
    "lon": 139.101729
  },
  "兰州市, 甘肃省, 中国": {
    "lat": 36.474436,
    "lon": 103.733224
  },
  "内江市, 四川省, 中国": {
    "lat": 29.6602202,
    "lon": 104.9192806
  },
  "函館市, 北海道, 日本": {
    "lat": 41.768793,
    "lon": 140.729008
  },
  "包头市, 内蒙古自治区, 中国": {
    "lat": 40.6174777,
    "lon": 109.944912
  },
  "北九州市, 福岡県, 日本": {
    "lat": 33.8829996,
    "lon": 130.8749015
  },
  "北京市, 北京市, 中国": {
    "lat": 39.9597631,
    "lon": 116.359724
  },
  "北海市, 广西壮族自治区, 中国": {
    "lat": 21.6740808,
    "lon": 109.3729721
  },
  "千代田区, 東京都, 日本": {
    "lat": 35.6938097,
    "lon": 139.7532163
  },
  "千歳市, 北海道, 日本": {
    "lat": 42.8209335,
    "lon": 141.6509612
  },
  "南京市, 江苏省, 中国": {
    "lat": 32.0438284,
    "lon": 118.7788631
  },
  "南宁市, 广西壮族自治区, 中国": {
    "lat": 22.8193063,
    "lon": 108.3627211
  },
  "南巨摩郡, 山梨県, 日本": {
    "lat": 35.4178925,
    "lon": 138.4471491
  },
  "南昌市, 江西省, 中国": {
    "lat": 28.6472124,
    "lon": 116.0348483
  },
  "南都留郡, 山梨県, 日本": {
    "lat": 35.4791499,
    "lon": 138.7411672
  },
  "占冠村, 北海道, 日本": {
    "lat": 42.9799698,
    "lon": 142.3980624
  },
  "厚木市, 神奈川県, 日本": {
    "lat": 35.4429646,
    "lon": 139.3625125
  },
  "厦门市, 福建省, 中国": {
    "lat": 24.5438732,
    "lon": 118.0768065
  },
  "取手市, 茨城県, 日本": {
    "lat": 35.9112034,
    "lon": 140.0500352
  },
  "台中, 台湾": {
    "lat": 24.1121054,
    "lon": 120.6158968
  },
  "台北, 台湾": {
    "lat": 25.0375198,
    "lon": 121.5636796
  },
  "台南, 台湾": {
    "lat": 22.9971954,
    "lon": 120.2130772
  },
  "合肥市, 安徽省, 中国": {
    "lat": 31.8665676,
    "lon": 117.281428
  },
  "唐山市, 河北省, 中国": {
    "lat": 39.6295951,
    "lon": 118.1738712
  },
  "唐津市, 佐賀県, 日本": {
    "lat": 33.4503405,
    "lon": 129.9679345
  },
  "嘉兴市, 浙江省, 中国": {
    "lat": 30.7474425,
    "lon": 120.7510971
  },
  "城里町, 茨城県, 日本": {
    "lat": 36.4796757,
    "lon": 140.3760465
  },
  "基隆, 台湾": {
    "lat": 25.1317232,
    "lon": 121.744652
  },
  "塩尻市, 長野県, 日本": {
    "lat": 36.124957,
    "lon": 137.952801
  },
  "墨田区, 東京都, 日本": {
    "lat": 35.7104196,
    "lon": 139.8017421
  },
  "大津市, 滋贺县, 日本": {
    "lat": 35.0177852,
    "lon": 135.8548122
  },
  "大田区, 東京都, 日本": {
    "lat": 35.561206,
    "lon": 139.715843
  },
  "大阪市, 大阪府, 日本": {
    "lat": 34.6937569,
    "lon": 135.5014539
  },
  "天津市, 天津市, 中国": {
    "lat": 39.0844897,
    "lon": 117.1956724
  },
  "奈良市, 奈良県, 日本": {
    "lat": 34.6845445,
    "lon": 135.8048359
  },
  "宁波市, 浙江省, 中国": {
    "lat": 29.8622194,
    "lon": 121.6203873
  },
  "宇治市, 京都府, 日本": {
    "lat": 34.885124,
    "lon": 135.7995651
  },
  "宜宾市, 四川省, 中国": {
    "lat": 28.7602,
    "lon": 104.6276
  },
  "宜昌市, 湖北省, 中国": {
    "lat": 30.6941332,
    "lon": 111.2803512
  },
  "宣城市, 安徽省, 中国": {
    "lat": 30.9412541,
    "lon": 118.7540167
  },
  "小樽市, 北海道, 日本": {
    "lat": 43.1906806,
    "lon": 140.9946021
  },
  "小田原市, 神奈川県, 日本": {
    "lat": 35.2645301,
    "lon": 139.152246
  },
  "屏东县恒春镇, 台湾": {
    "lat": 21.9045681,
    "lon": 120.8500513
  },
  "山南市, 西藏自治区, 中国": {
    "lat": 29.2392,
    "lon": 91.7694
  },
  "山鹿市, 熊本県, 日本": {
    "lat": 33.0177456,
    "lon": 130.6911907
  },
  "嵊泗县, 舟山市, 浙江省, 中国": {
    "lat": 30.7278516,
    "lon": 122.4469287
  },
  "常州市, 江苏省, 中国": {
    "lat": 31.8122623,
    "lon": 119.9691539
  },
  "广州市, 广东省, 中国": {
    "lat": 23.1288454,
    "lon": 113.2590064
  },
  "府中市, 東京都, 日本": {
    "lat": 35.6693751,
    "lon": 139.4774094
  },
  "张家口市, 河北省, 中国": {
    "lat": 40.8171433,
    "lon": 114.8782861
  },
  "彰化, 台湾": {
    "lat": 24.081673,
    "lon": 120.538205
  },
  "德阳市, 四川省, 中国": {
    "lat": 31.1244028,
    "lon": 104.39013
  },
  "成田市, 千葉県, 日本": {
    "lat": 35.7767683,
    "lon": 140.3183376
  },
  "成都市, 四川省, 中国": {
    "lat": 30.659867,
    "lon": 104.063315
  },
  "扬州市, 江苏省, 中国": {
    "lat": 32.3968554,
    "lon": 119.4077658
  },
  "拉萨市, 西藏自治区, 中国": {
    "lat": 29.6542054,
    "lon": 91.1173015
  },
  "揭阳市, 广东省, 中国": {
    "lat": 23.553156,
    "lon": 116.3680354
  },
  "敦煌市, 甘肃省, 中国": {
    "lat": 40.1411004,
    "lon": 94.6607593
  },
  "新宿区, 東京都, 日本": {
    "lat": 35.6937632,
    "lon": 139.7036319
  },
  "新竹, 台湾": {
    "lat": 24.8014026,
    "lon": 120.971678
  },
  "无锡市, 江苏省, 中国": {
    "lat": 31.5776626,
    "lon": 120.2952752
  },
  "昆明市, 云南省, 中国": {
    "lat": 25.0399353,
    "lon": 102.7169061
  },
  "春日部市, 埼玉県, 日本": {
    "lat": 35.9757957,
    "lon": 139.752019
  },
  "札幌市, 北海道, 日本": {
    "lat": 43.061936,
    "lon": 141.3542924
  },
  "杭州市, 浙江省, 中国": {
    "lat": 30.2489634,
    "lon": 120.2052342
  },
  "松山市, 愛媛県, 日本": {
    "lat": 33.8395188,
    "lon": 132.7653521
  },
  "林芝市, 西藏自治区, 中国": {
    "lat": 29.5487912,
    "lon": 94.6384738
  },
  "柳州市, 广西壮族自治区, 中国": {
    "lat": 25.0009993,
    "lon": 109.3414252
  },
  "水戸市, 茨城県, 日本": {
    "lat": 36.3659174,
    "lon": 140.4731743
  },
  "汕头市, 广东省, 中国": {
    "lat": 23.3563921,
    "lon": 116.6775856
  },
  "江户川区, 東京都, 日本": {
    "lat": 35.7066318,
    "lon": 139.868677
  },
  "沈阳市, 辽宁省, 中国": {
    "lat": 41.8026095,
    "lon": 123.4279105
  },
  "沖縄市, 沖縄県, 日本": {
    "lat": 26.3343738,
    "lon": 127.8056597
  },
  "泉州市, 福建省, 中国": {
    "lat": 24.9126,
    "lon": 118.5857
  },
  "洛阳市, 河南省, 中国": {
    "lat": 34.6196539,
    "lon": 112.4477046
  },
  "海南藏族自治州, 青海省, 中国": {
    "lat": 35.8172501,
    "lon": 100.3405266
  },
  "海口市, 海南省, 中国": {
    "lat": 20.0462328,
    "lon": 110.1956502
  },
  "海拉尔区, 内蒙古自治区, 中国": {
    "lat": 49.2321432,
    "lon": 119.817227
  },
  "海老名市, 神奈川県, 日本": {
    "lat": 35.4464147,
    "lon": 139.3906427
  },
  "深圳市, 广东省, 中国": {
    "lat": 22.5445741,
    "lon": 114.0545429
  },
  "清远市, 广东省, 中国": {
    "lat": 23.6832984,
    "lon": 113.0505994
  },
  "渋谷区, 東京都, 日本": {
    "lat": 35.6633709,
    "lon": 139.6964952
  },
  "温州市, 浙江省, 中国": {
    "lat": 27.9963899,
    "lon": 120.695345
  },
  "港区, 東京都, 日本": {
    "lat": 35.6580089,
    "lon": 139.7515137
  },
  "湖州市, 浙江省, 中国": {
    "lat": 30.8942995,
    "lon": 120.0851114
  },
  "滁州市, 安徽省, 中国": {
    "lat": 32.3027377,
    "lon": 118.3139455
  },
  "满洲里市, 内蒙古自治区, 中国": {
    "lat": 49.5914042,
    "lon": 117.4464324
  },
  "澳门特别行政区, 中国": {
    "lat": 22.1757605,
    "lon": 113.5514142
  },
  "熊本市, 熊本県, 日本": {
    "lat": 32.8033909,
    "lon": 130.7082737
  },
  "玉溪市, 云南省, 中国": {
    "lat": 24.3511487,
    "lon": 102.527044
  },
  "珠海市, 广东省, 中国": {
    "lat": 22.273734,
    "lon": 113.5721327
  },
  "登別市, 北海道, 日本": {
    "lat": 42.4127547,
    "lon": 141.1064964
  },
  "目黑区, 東京都, 日本": {
    "lat": 35.6412891,
    "lon": 139.6983834
  },
  "神戸市, 兵库县, 日本": {
    "lat": 34.6932379,
    "lon": 135.1943764
  },
  "福岡市, 福岡県, 日本": {
    "lat": 33.5898988,
    "lon": 130.4017509
  },
  "箱根町, 神奈川県, 日本": {
    "lat": 35.2323662,
    "lon": 139.1068849
  },
  "绍兴市, 浙江省, 中国": {
    "lat": 29.9992425,
    "lon": 120.576854
  },
  "绵阳市, 四川省, 中国": {
    "lat": 31.4602714,
    "lon": 104.7160723
  },
  "自贡市, 四川省, 中国": {
    "lat": 29.2995746,
    "lon": 104.6928392
  },
  "舟山市, 浙江省, 中国": {
    "lat": 29.9873344,
    "lon": 122.2030363
  },
  "花莲, 台湾": {
    "lat": 23.9926399,
    "lon": 121.6009524
  },
  "苏州市, 江苏省, 中国": {
    "lat": 31.311123,
    "lon": 120.6212881
  },
  "茨木市, 大阪府, 日本": {
    "lat": 34.8161302,
    "lon": 135.5685528
  },
  "藤沢市, 神奈川県, 日本": {
    "lat": 35.3388615,
    "lon": 139.4909335
  },
  "西宁市, 青海省, 中国": {
    "lat": 36.6172544,
    "lon": 101.7761582
  },
  "西安市, 陕西省, 中国": {
    "lat": 34.261004,
    "lon": 108.9423363
  },
  "諏訪市, 長野県, 日本": {
    "lat": 36.0391748,
    "lon": 138.11398
  },
  "资阳市, 四川省, 中国": {
    "lat": 30.0928618,
    "lon": 105.1336656
  },
  "赣州市, 江西省, 中国": {
    "lat": 25.703866,
    "lon": 115.348216
  },
  "足立区, 東京都, 日本": {
    "lat": 35.7746029,
    "lon": 139.8045163
  },
  "軽井沢町, 長野県, 日本": {
    "lat": 36.3482938,
    "lon": 138.5969968
  },
  "郑州市, 河南省, 中国": {
    "lat": 34.7472531,
    "lon": 113.619321
  },
  "鄂尔多斯市, 内蒙古自治区, 中国": {
    "lat": 39.6042,
    "lon": 109.7856
  },
  "酒泉市, 甘肃省, 中国": {
    "lat": 39.7394,
    "lon": 98.5085
  },
  "重庆市, 重庆市, 中国": {
    "lat": 29.5578867,
    "lon": 106.5455163
  },
  "金门县, 福建省, 中国": {
    "lat": 24.4325,
    "lon": 118.3161
  },
  "鎌倉市, 神奈川県, 日本": {
    "lat": 35.3192808,
    "lon": 139.5469627
  },
  "银川市, 宁夏回族自治区, 中国": {
    "lat": 38.4871699,
    "lon": 106.2266569
  },
  "长沙市, 湖南省, 中国": {
    "lat": 28.1987538,
    "lon": 112.9708685
  },
  "阿拉善盟, 内蒙古自治区, 中国": {
    "lat": 38.836,
    "lon": 105.679
  },
  "阿蘇市, 熊本県, 日本": {
    "lat": 32.9524903,
    "lon": 131.1214674
  },
  "额尔古纳市, 内蒙古自治区, 中国": {
    "lat": 51.67179,
    "lon": 120.781386
  },
  "香港特别行政区, 中国": {
    "lat": 22.3492155,
    "lon": 114.1857978
  },
  "高崎市, 群馬県, 日本": {
    "lat": 36.3220984,
    "lon": 139.0032758
  },
  "高雄, 台湾": {
    "lat": 22.6395321,
    "lon": 120.3025585
  },
  "黄山市, 安徽省, 中国": {
    "lat": 29.7172627,
    "lon": 118.3324811
  }
}